{"budget": 100, "training on": ["nas301"], "ns101_psp": 0.4656345634563457, "ns201_psp": 0.686960696069607, "ns301_psp": 0.917959795979598}